Original URL,Destination URL,Status,Content Length,Page Type,Implementation File,Migration Priority,SEO Value,Content Quality,Notes
https://www.spyglassrealty.com/,/,COMPLETE,~1500 words,Homepage,src/app/page.tsx,HIGH,HIGH,EXCELLENT,Complete homepage with hero content testimonials and CTAs
https://www.spyglassrealty.com/services.php,/services,COMPLETE,~1100 words,Core Page,src/app/services/page.tsx,HIGH,HIGH,EXCELLENT,Full services descriptions with client testimonials and CTAs
https://www.spyglassrealty.com/testimonials.php,/testimonials,COMPLETE,~1400 words,Core Page,src/app/testimonials/page.tsx,HIGH,HIGH,EXCELLENT,8+ detailed client testimonials with ratings and attribution
https://www.spyglassrealty.com/core-values.php,/core-values,COMPLETE,~250 words,Core Page,src/app/core-values/page.tsx,HIGH,MEDIUM,EXCELLENT,Complete company values and philosophy
https://www.spyglassrealty.com/contact.php,/contact,COMPLETE,~50 words,Core Page,src/app/contact/page.tsx,HIGH,MEDIUM,GOOD,Contact form and basic company info
https://www.spyglassrealty.com/why-choose-spyglass.php,/services,REDIRECT,N/A,Redirect,Handled by services page,MEDIUM,HIGH,N/A,Auto-redirects to services page - handled
https://www.spyglassrealty.com/about,/agents.php,PENDING,766 chars,Core Page,Not implemented,HIGH,HIGH,POOR,Returns only MLS disclaimer - needs browser extraction
https://www.spyglassrealty.com/agents.php,TBD,PENDING,766 chars,Core Page,Not implemented,HIGH,HIGH,POOR,Returns only MLS disclaimer - needs browser extraction
https://www.spyglassrealty.com/blog/,TBD,PENDING,766 chars,Blog Index,Not implemented,MEDIUM,HIGH,POOR,Returns only MLS disclaimer - needs browser extraction
https://www.spyglassrealty.com/blog/staging-tips.html,TBD,PENDING,766 chars,Blog Post,Not implemented,MEDIUM,MEDIUM,POOR,Returns only MLS disclaimer - needs browser extraction