Area Name,Type,City,County,Zip Codes,Market Segment,Price Range,School District,Keywords,Description
78704 Neighborhoods,Neighborhood,Austin,Travis,78704,Mixed,"$400K-$1.5M",Austin ISD,"south austin, zilker, barton hills","South Austin area including multiple neighborhoods"
Allandale,Neighborhood,Austin,Travis,78756,Mid-Century Modern,"$500K-$900K",Austin ISD,"mid-century, mature trees, burnet road","Established neighborhood with mid-century modern homes"
Anderson Mill,Neighborhood,Austin,Travis,78729,Suburban Family,"$400K-$700K",Austin ISD,"northwest austin, family friendly","Established suburban neighborhood in northwest Austin"
Angus Valley,Neighborhood,Austin,Travis,78748,Suburban,"$350K-$600K",Austin ISD,"south austin, suburban","Suburban neighborhood in south Austin"
Arbor Creek,Neighborhood,Cedar Park,Williamson,78613,Family Suburban,"$400K-$600K",Leander ISD,"cedar park, family homes","Established neighborhood in Cedar Park"
Arboretum,Neighborhood,Austin,Travis,78759,Upscale,"$500K-$1M",Austin ISD,"shopping, domain nearby, upscale","Upscale area near the Domain and Arboretum"
Barton Creek,Neighborhood,Austin,Travis,78735,Luxury,"$800K-$3M",Austin ISD,"luxury, golf course, hill country","Luxury community with golf course and hill country views"
Barton Hills,Neighborhood,Austin,Travis,78704,Hill Country Views,"$600K-$1.5M",Austin ISD,"zilker nearby, hill country, greenbelt","Elevated area with hill country views near Zilker Park"
Bee Cave,City,Bee Cave,Travis,78738,Upscale Suburban,"$700K-$2M",Lake Travis ISD,"lake travis isd, upscale, hill country","Upscale suburban city in the hill country"
Bella Vista,Neighborhood,Austin,Travis,78726,Mid-Range,"$400K-$650K",Austin ISD,"northwest austin, established","Established neighborhood in northwest Austin"
Bouldin Creek,Neighborhood,Austin,Travis,78704,Hip/Artsy,"$400K-$800K",Austin ISD,"south first, food trucks, walkable","Hip neighborhood south of downtown with food truck scene"
Brentwood,Neighborhood,Austin,Travis,78757,Emerging,"$400K-$700K",Austin ISD,"emerging, lamar blvd, walkable","Emerging neighborhood along Lamar Boulevard"
Brushy Creek,Neighborhood,Cedar Park,Williamson,78613,Family Suburban,"$450K-$750K",Leander ISD,"cedar park, trails, family","Family-friendly neighborhood with trail access"
Buda,City,Buda,Hays,78610,Small Town Charm,"$400K-$700K",Hays CISD,"historic, small town, family","Small town charm with historic downtown"
Bull Creek,Neighborhood,Austin,Travis,78731,Upscale,"$600K-$1.2M",Austin ISD,"greenbelt, upscale, nature","Upscale neighborhood near Bull Creek Greenbelt"
Buttercup Creek,Neighborhood,Cedar Park,Williamson,78613,Family Suburban,"$400K-$650K",Leander ISD,"cedar park, family, established","Established family neighborhood in Cedar Park"
Canyon Creek,Neighborhood,Austin,Travis,78726,Suburban,"$450K-$700K",Austin ISD,"northwest austin, creek access","Suburban neighborhood with creek access"
Carriage Hills,Neighborhood,Cedar Park,Williamson,78613,Family Suburban,"$400K-$600K",Leander ISD,"cedar park, established, family","Established family neighborhood"
Cat Mountain,Neighborhood,Austin,Travis,78731,Upscale,"$700K-$1.5M",Austin ISD,"upscale, views, hill country","Upscale neighborhood with hill country views"
Cedar Park,City,Cedar Park,Williamson,"78613, 78630",Family Suburban,"$400K-$700K",Leander ISD,"leander isd, family friendly, new homes","Fast-growing suburban city northwest of Austin"
Cherry Creek,Neighborhood,Austin,Travis,78746,Luxury,"$800K-$2M",Lake Travis ISD,"luxury, westlake, lake access","Luxury neighborhood in Westlake area"
Circle C Ranch,Neighborhood,Austin,Travis,78749,Family Suburban,"$500K-$800K",Austin ISD,"southwest austin, family, amenities","Master-planned community in southwest Austin"
Clarksville,Neighborhood,Austin,Travis,78703,Historic Central,"$600K-$2M",Austin ISD,"historic, downtown adjacent, cottage style","Historic neighborhood with cottage-style homes near downtown"
Coronado Hills,Neighborhood,Austin,Travis,78752,Mid-Range,"$350K-$600K",Austin ISD,"established, diverse, central","Established diverse neighborhood"
Crestview,Neighborhood,Austin,Travis,78757,Emerging/Hip,"$400K-$700K",Austin ISD,"food scene, young professionals, walkable","Emerging neighborhood with great food scene"
Crystal Falls,Neighborhood,Leander,Williamson,78641,Family Suburban,"$500K-$800K",Leander ISD,"leander, upscale, amenities","Upscale master-planned community in Leander"
Davenport Ranch,Neighborhood,Austin,Travis,78738,Upscale,"$600K-$1.2M",Lake Travis ISD,"gated, upscale, amenities","Gated upscale community"
Del Valle,Neighborhood,Austin,Travis,78617,Rural/Affordable,"$250K-$400K",Del Valle ISD,"southeast austin, affordable, rural","Rural area southeast of Austin"
Domain,Neighborhood,Austin,Travis,78758,Urban/Mixed-Use,"$400K-$800K",Austin ISD,"shopping, dining, condos, walkable","Mixed-use development with shopping and dining"
Downtown Austin,Neighborhood,Austin,Travis,78701,Urban Core,"$400K-$1M+",Austin ISD,"downtown, condos, nightlife, walkable","Urban core with high-rise living"
Dripping Springs,City,Dripping Springs,Hays,78620,Hill Country,"$500K-$1.2M",Dripping Springs ISD,"hill country, wineries, small town","Hill country city known for wineries"
East 6th Street,Neighborhood,Austin,Travis,78702,Entertainment District,"$350K-$650K",Austin ISD,"nightlife, restaurants, condos","Entertainment district east of downtown"
Easton Park,Neighborhood,Austin,Travis,78744,New Development,"$350K-$600K",Austin ISD,"new development, amenities, south austin","New master-planned community in southeast Austin"
Falcon Pointe,Neighborhood,Pflugerville,Williamson,78660,Family Suburban,"$400K-$650K",Pflugerville ISD,"pflugerville, family, amenities","Family neighborhood with amenities"
Far West,Neighborhood,Austin,Travis,78731,Established,"$500K-$800K",Austin ISD,"northwest austin, established","Established neighborhood in northwest Austin"
Forest Creek,Neighborhood,Round Rock,Williamson,78665,Golf Community,"$500K-$900K",Round Rock ISD,"golf course, upscale, round rock","Golf course community in Round Rock"
French Place,Neighborhood,Austin,Travis,78722,East Austin Historic,"$450K-$800K",Austin ISD,"historic, east austin, bungalows","Historic East Austin neighborhood with bungalow-style homes"
Georgetown,City,Georgetown,Williamson,"78626, 78628, 78633",Historic Charm,"$450K-$800K",Georgetown ISD,"historic square, southwestern university, charm","Historic city with charming town square"
Gracywoods,Neighborhood,Austin,Travis,78758,Established,"$400K-$650K",Austin ISD,"north austin, established","Established neighborhood in north Austin"
Great Hills,Neighborhood,Austin,Travis,78759,Upscale,"$600K-$1M",Austin ISD,"upscale, shopping nearby","Upscale neighborhood near shopping centers"
Greenshores,Neighborhood,Austin,Travis,78730,Lake Community,"$700K-$1.5M",Lake Travis ISD,"lake access, luxury","Lake community with water access"
Gwynndale,Neighborhood,Austin,Travis,78752,Mid-Range,"$350K-$600K",Austin ISD,"north austin, diverse","Diverse neighborhood in north Austin"
Hays Hills,Neighborhood,Buda,Hays,78610,Family Suburban,"$450K-$700K",Hays CISD,"buda, family, amenities","Family neighborhood in Buda"
Highland Park,Neighborhood,Austin,Travis,78752,Established,"$400K-$650K",Austin ISD,"north austin, established","Established neighborhood in north Austin"
Hills of Lakeway,Neighborhood,Lakeway,Travis,78734,Luxury Lake,"$800K-$2M",Lake Travis ISD,"lake travis, luxury, views","Luxury homes overlooking Lake Travis"
Holly,Neighborhood,Austin,Travis,78702,Transitional,"$350K-$650K",Austin ISD,"east austin, gentrifying, close to downtown","Transitional East Austin neighborhood close to downtown"
Hutto,City,Hutto,Williamson,78634,New Development,"$300K-$500K",Hutto ISD,"new homes, affordable, family","Fast-growing city with new home developments"
Hyde Park,Neighborhood,Austin,Travis,78705,Historic Walkable,"$500K-$1M",Austin ISD,"historic, UT nearby, walkable, durand park","Historic walkable neighborhood near UT campus"
Jester Estates,Neighborhood,Austin,Travis,78750,Upscale,"$600K-$1M",Austin ISD,"northwest austin, upscale","Upscale neighborhood in northwest Austin"
Jollyville,Neighborhood,Austin,Travis,78759,Established,"$450K-$700K",Austin ISD,"northwest austin, established","Established neighborhood in northwest Austin"
Kenwood,Neighborhood,Austin,Travis,78704,Family Friendly,"$550K-$950K",Austin ISD,"south austin, family, schools","Family-friendly South Austin neighborhood"
Kyle,City,Kyle,Hays,78640,Fast Growing,"$350K-$600K",Hays CISD,"new development, growing, hays cisd","Fast-growing city south of Austin"
Lakeline,Neighborhood,Cedar Park,Williamson,78613,Mixed-Use,"$400K-$700K",Leander ISD,"cedar park, shopping, mixed-use","Mixed-use area with shopping in Cedar Park"
Lakeway,City,Lakeway,Travis,78734,Lake Community,"$600K-$1.5M",Lake Travis ISD,"lake travis, resort living, luxury","Lake Travis resort community"
Leander,City,Leander,Williamson,"78641, 78645",Affordable Family,"$350K-$600K",Leander ISD,"leander isd, growing, affordable","Affordable family-oriented city in northwest metro"
Lost Creek,Neighborhood,Austin,Travis,78746,Luxury,"$800K-$2M",Lake Travis ISD,"luxury, westlake, upscale","Luxury neighborhood in Westlake area"
Manor,City,Manor,Travis,78653,Emerging Suburban,"$300K-$500K",Manor ISD,"emerging, manor isd, east austin","Emerging suburban community east of Austin"
Mayfield Ranch,Neighborhood,Round Rock,Williamson,78681,Family Suburban,"$500K-$800K",Round Rock ISD,"round rock, family, amenities","Master-planned community in Round Rock"
Mueller,Neighborhood,Austin,Travis,78723,New Urbanist,"$500K-$800K",Austin ISD,"new development, mixed use, sustainable","New urbanist development on former airport site"
North Austin,Neighborhood,Austin,Travis,78756,Diverse,"$400K-$700K",Austin ISD,"diverse, established, central","Diverse established neighborhood"
North Loop,Neighborhood,Austin,Travis,78756,Eclectic/Local,"$450K-$800K",Austin ISD,"local businesses, airport blvd, diverse","Eclectic neighborhood with local businesses"
Northwest Hills,Neighborhood,Austin,Travis,78759,Upscale Established,"$600K-$1.2M",Austin ISD,"upscale, established, shopping nearby","Upscale established neighborhood"
Oak Hill,Neighborhood,Austin,Travis,78749,Southwest Suburban,"$400K-$700K",Austin ISD,"southwest austin, suburban, y at oak hill","Suburban area in southwest Austin"
Onion Creek,Neighborhood,Austin,Travis,78748,Golf Community,"$400K-$700K",Austin ISD,"golf course, south austin","Golf course community in south Austin"
Pflugerville,City,Pflugerville,Williamson,78660,Growing Suburban,"$350K-$600K",Pflugerville ISD,"pfluger, family, growing","Growing suburban community northeast of Austin"
Quail Creek,Neighborhood,Austin,Travis,78738,Upscale,"$600K-$1.2M",Lake Travis ISD,"upscale, west austin","Upscale neighborhood in west Austin"
River Place,Neighborhood,Austin,Travis,78730,Lake Community,"$700K-$1.5M",Lake Travis ISD,"lake travis, golf, luxury","Lake Travis golf community"
Rosedale,Neighborhood,Austin,Travis,78756,Mid-Century Charm,"$600K-$1.2M",Austin ISD,"mid-century, mature neighborhood, central","Mature neighborhood with mid-century charm"
Round Rock,City,Round Rock,Williamson,"78664, 78665, 78681",Tech Corridor,"$400K-$650K",Round Rock ISD,"dell, tech jobs, round rock isd","Major tech corridor city north of Austin"
San Marcos,City,San Marcos,Hays,78666,University Town,"$300K-$550K",San Marcos CISD,"texas state, river, university","University town on the San Marcos River"
Shady Hollow,Neighborhood,Austin,Travis,78749,Family Suburban,"$450K-$750K",Austin ISD,"southwest austin, family, established","Established family neighborhood in southwest Austin"
South Lamar,Neighborhood,Austin,Travis,78704,Trendy Corridor,"$500K-$1M",Austin ISD,"restaurants, shopping, condos, walkable","Trendy corridor with restaurants and shopping"
South Park Meadows,Neighborhood,Austin,Travis,78748,Shopping/Suburban,"$300K-$500K",Austin ISD,"outlets, shopping, new homes","Suburban area near major shopping outlets"
Steiner Ranch,Neighborhood,Austin,Travis,78732,Master-Planned,"$600K-$1.2M",Leander ISD,"lake travis, amenities, upscale","Master-planned community near Lake Travis"
Sunset Valley,City,Sunset Valley,Travis,78745,Small City,"$400K-$700K",Austin ISD,"small city, south austin","Small city within Austin metro"
Tarrytown,Neighborhood,Austin,Travis,78703,Upscale Central,"$700K-$2M+",Austin ISD,"historic, central, prestigious","Upscale central neighborhood with historic homes"
The Hills,Neighborhood,Austin,Travis,78738,Luxury,"$800K-$2M",Lake Travis ISD,"luxury, lakeway area","Luxury community in Lakeway area"
Travis Heights,Neighborhood,Austin,Travis,78704,Historic South Austin,"$500K-$1.2M",Austin ISD,"historic, south austin, character homes","Historic South Austin with character homes"
University Hills,Neighborhood,Austin,Travis,78751,Near UT,"$400K-$700K",Austin ISD,"UT nearby, established","Established neighborhood near UT"
Village at Western Oaks,Neighborhood,Austin,Travis,78749,Family Suburban,"$400K-$650K",Austin ISD,"southwest austin, family","Family neighborhood in southwest Austin"
Wells Branch,Neighborhood,Austin,Travis,78728,Diverse Suburban,"$350K-$600K",Austin ISD,"northwest austin, diverse, affordable","Diverse affordable neighborhood in northwest Austin"
West Lake Hills,City,West Lake Hills,Travis,78746,Luxury Hills,"$1M-$5M+",Lake Travis ISD,"luxury, lake austin, westlake schools","Premium luxury area with Lake Austin access"
Westcreek,Neighborhood,Austin,Travis,78749,Suburban,"$400K-$650K",Austin ISD,"southwest austin, established","Established suburban neighborhood"
Whisper Valley,Neighborhood,Austin,Travis,78744,New Development,"$400K-$700K",Austin ISD,"new development, smart home technology","New development with smart home technology"
Zilker,Neighborhood,Austin,Travis,78704,Park Adjacent,"$600K-$1.5M",Austin ISD,"zilker park, acl, central, trendy","Trendy area adjacent to Zilker Park"
Avery Ranch,Neighborhood,Austin,Travis,78717,Master-Planned,"$500K-$800K",Leander ISD,"northwest austin, amenities","Master-planned community in northwest Austin"
Bee Caves,Neighborhood,Austin,Travis,78738,Hill Country,"$600K-$1.5M",Lake Travis ISD,"hill country, upscale","Hill country neighborhood"
Brushy Creek Lake Estates,Neighborhood,Cedar Park,Williamson,78613,Lake Community,"$500K-$800K",Leander ISD,"cedar park, lake access","Lake community in Cedar Park"
Canyon Mesa,Neighborhood,Austin,Travis,78726,Suburban,"$450K-$700K",Austin ISD,"northwest austin, established","Established suburban neighborhood"
Copperfield,Neighborhood,Austin,Travis,78744,Affordable,"$300K-$500K",Austin ISD,"southeast austin, affordable","Affordable neighborhood in southeast Austin"
Deer Creek,Neighborhood,Cedar Park,Williamson,78613,Family Suburban,"$450K-$650K",Leander ISD,"cedar park, family","Family neighborhood in Cedar Park"
Deerfield,Neighborhood,Cedar Park,Williamson,78613,Established,"$400K-$600K",Leander ISD,"cedar park, established","Established neighborhood in Cedar Park"
Gann Ranch,Neighborhood,Cedar Park,Williamson,78613,Family Suburban,"$400K-$650K",Leander ISD,"cedar park, family, new","Family neighborhood in Cedar Park"
Georgetown Village,Neighborhood,Georgetown,Williamson,78628,Historic,"$450K-$750K",Georgetown ISD,"georgetown, historic, walkable","Historic walkable area in Georgetown"
Highland Horizon,Neighborhood,Leander,Williamson,78641,Family Suburban,"$400K-$650K",Leander ISD,"leander, family","Family neighborhood in Leander"
Honey Creek,Neighborhood,Austin,Travis,78730,Lake Community,"$700K-$1.5M",Lake Travis ISD,"lake travis, luxury","Lake community with luxury homes"
Jacaranda,Neighborhood,Pflugerville,Williamson,78660,Family Suburban,"$400K-$600K",Pflugerville ISD,"pflugerville, family","Family neighborhood in Pflugerville"
Lakeline Ranch,Neighborhood,Leander,Williamson,78641,Family Suburban,"$450K-$700K",Leander ISD,"leander, family, amenities","Family neighborhood with amenities in Leander"
Meridian,Neighborhood,Austin,Travis,78738,Luxury,"$800K-$2M",Lake Travis ISD,"luxury, west austin","Luxury neighborhood in west Austin"
Milwood,Neighborhood,Austin,Travis,78723,Established,"$400K-$650K",Austin ISD,"northeast austin, established","Established neighborhood in northeast Austin"
Northwood,Neighborhood,Austin,Travis,78756,Mid-Century,"$500K-$800K",Austin ISD,"mid-century, established","Mid-century neighborhood"
Pecan Springs,Neighborhood,Austin,Travis,78723,Affordable,"$300K-$500K",Austin ISD,"northeast austin, affordable","Affordable neighborhood in northeast Austin"
Pflugerville Lakes,Neighborhood,Pflugerville,Williamson,78660,Lake Community,"$450K-$700K",Pflugerville ISD,"pflugerville, lake access","Lake community in Pflugerville"
Pond Springs,Neighborhood,Austin,Travis,78729,Established,"$450K-$700K",Austin ISD,"northwest austin, established","Established neighborhood in northwest Austin"
Riverside,Neighborhood,Austin,Travis,78741,Emerging,"$350K-$600K",Austin ISD,"east austin, emerging, riverside drive","Emerging neighborhood along Riverside Drive"
Rob Roy,Neighborhood,Austin,Travis,78746,Luxury,"$1M-$3M",Lake Travis ISD,"luxury, westlake, exclusive","Exclusive luxury neighborhood in Westlake area"
Rollingwood,City,Rollingwood,Travis,78746,Small Luxury City,"$800K-$2M",Austin ISD,"small city, luxury, central","Small luxury city within Austin metro"
Ruby Ranch,Neighborhood,Austin,Travis,78738,Upscale,"$600K-$1.2M",Lake Travis ISD,"upscale, west austin","Upscale neighborhood in west Austin"
Sendero Springs,Neighborhood,Round Rock,Williamson,78681,Family Suburban,"$450K-$700K",Round Rock ISD,"round rock, family, new","New family neighborhood in Round Rock"
Shadowglen,Neighborhood,Manor,Travis,78653,Family Suburban,"$400K-$650K",Manor ISD,"manor, family, amenities","Family neighborhood with amenities in Manor"
Stone Canyon,Neighborhood,Round Rock,Williamson,78681,Upscale,"$500K-$800K",Round Rock ISD,"round rock, upscale","Upscale neighborhood in Round Rock"
Teravista,Neighborhood,Round Rock,Williamson,78665,Master-Planned,"$450K-$700K",Round Rock ISD,"round rock, master-planned, golf","Master-planned community with golf course"
The Highlands,Neighborhood,Georgetown,Williamson,78628,Upscale,"$500K-$800K",Georgetown ISD,"georgetown, upscale, views","Upscale neighborhood with views in Georgetown"
Village at Avery Ranch,Neighborhood,Austin,Travis,78717,Master-Planned,"$500K-$900K",Leander ISD,"northwest austin, amenities","Master-planned village community"
Vista Oaks,Neighborhood,Bee Cave,Travis,78738,Upscale,"$700K-$1.5M",Lake Travis ISD,"bee cave, upscale","Upscale neighborhood in Bee Cave"
Walnut Creek,Neighborhood,Austin,Travis,78753,Established,"$400K-$650K",Austin ISD,"north austin, established, park nearby","Established neighborhood near Walnut Creek Park"
West Ridge,Neighborhood,Austin,Travis,78735,Suburban,"$450K-$700K",Austin ISD,"southwest austin, suburban","Suburban neighborhood in southwest Austin"
Williamson Creek,Neighborhood,Austin,Travis,78745,Established,"$400K-$650K",Austin ISD,"south austin, established","Established neighborhood in south Austin"
Woodcreek,Neighborhood,Austin,Travis,78735,Suburban,"$450K-$700K",Austin ISD,"southwest austin, established","Established suburban neighborhood"